Autor,Título,Lugar de publicación,Editorial,Fecha de publicación,ISBN
"Aaron, Jason",Indian country,London,Titan,2007.0,9781845766764 (pbk.);1845766768 (pbk.)
"Barreto, Luis Eduardo",Gotham by gaslight :a tale of the Batman,London,Titan,2006,9781845764036 (pbk.);184576403X (pbk.);9781401211530 (DC Comics : pbk.);1401211534 (DC Comics : pbk.)
"Benes, Ed",Sacrifice,London,Titan,2006.0,9781401209193 (DC Comics : pbk.);140120919X (DC Comics : pbk.);9781845762438 (Titan : pbk.);1845762436 (Titan : pbk.)
"Bisley, Simon",Lobo :portrait of a bastich,London,Titan,2008,9781845768898 (pbk.);1845768892 (pbk.)
"Brosseau, Pat",Shadows linger,London,Titan,2009,9781848561465 (pbk.);1848561466 (pbk.)
"Ashley, Bernard",Respect,London,A & C Black,2001,0713653361 (pbk)
"Ashley, Bernard",Roller Madonnas,London,A & C Black,1997.0,0713647086 (pbk)
"Ashley, Bernard",Respect,London,A & C Black,2000,7.13653353E8
"Ashley, Bernard",Roller Madonnas,London,A & C Black,1997.0,7.13645628E8
"Adams, Art",Tom Strong's terrific tales book 1,"La Jolla, CA",America's Best Comics ,2004.0,1845760158 (Titan : pbk.);1401200303 (America's Best Comics : pbk.)
"Baikie, Jim",Tomorrow stories,"La Jolla, CA",America's Best Comics ,2002,1.563896605E9
"Baxter, Glen",Speech with humans,Todmorden,Arc,2008,9781904614074 (hbk.);1904614078 (hbk.)
"Bond, Simon",101 uses of a dead roach,London,Arrow,2002,0099446790 (pbk.)
"Bond, Simon",What shall we do with the kids in the holidays?,Southampton,Ashford,1988.0,185253091X (pbk)
"Bryant, Mark",Dictionary of twentieth century British cartoonists and caricaturists,"Aldershot, Hants, England",Ashgate,2000,1.840142863E9
"Appleby, Steven",Rockets :a way of life by Captain J. Star,London,Assorted images,1988.0,1871059003 (pbk)
"Campbell, Eddie",From hell :being a melodrama in sixteen parts,Sydney ; London,Bantam,1999,1863253122 (pbk.)
"Bellus, Jean",Clementine and her family,,Barker,1959.0,
"Bellus, Jean",Clementine and the boys,,Barker,1962.0,
"Bellus, Jean",Clementine and her world,,Barker,1960.0,
"Bellus, Jean",Clementine and her men,,Barker,1958.0,
"Bryant, Mark",The Comic Cruikshank,London,Bellew,1992.0,1.857250605E9
"Bryant, Mark",The Complete Colonel Blimp,London,Bellew,1991.0,0947792848 (pbk)
"Abnett, Dan",Darkblade :reign of blood,Nottingham,Black Library,2005.0,1844162060 (pbk.)
"Abnett, Dan",Titan :god machine,Nottingham,Black Library,2004.0,1844161234 (pbk.)
"Abnett, Dan",Lone wolves,Nottingham,Black Library,2003.0,1.844160564E9
"Abnett, Dan",Inquisitor,Nottingham,Black Library,2001,1841541435 (pbk.)
"Abnett, Dan",Darkblade,Nottingham,Black Library,2000,1841541249 (pbk)
"Abnett, Dan",Titan,Nottingham,Black Library,2000,1841541095 (vol. 1 : pbk.);1841541443 (vol. 2 : pbk.);1841542423 (vol. 3 : pbk.)
"Abnett, Dan",Darkblade.,Nottingham,Black Library,2003.0,1841542415 (pbk.)
"Appleby, Steven",Steven Appleby's normal life.,London,Bloomsbury,2003.0,0747561583 (pbk)
"Appleby, Steven",Jim :the nine lives of a dysfunctional cat,London,Bloomsbury,2003.0,7.47569355E8
"Appleby, Steven",Mr Concerned's talking book of home therapy,London,Bloomsbury,2002,7.4756073E8
"Appleby, Steven",Men :the truth : [includes 20 new drawings],London,Bloomsbury,1995.0,0747522510 (pbk)
"Appleby, Steven",Miserable families,London,Bloomsbury,1995.0,7.47523509E8
"Appleby, Steven",The little book of farts,London,Bloomsbury,2006.0,9780747582458 (hbk.);0747582459 (hbk.)
"Appleby, Steven",The secret thoughts of babies,London,Bloomsbury,2001,0747558558 (pbk.)
"Appleby, Steven",The secret thoughts of men,London,Bloomsbury,2001,0747558604 (pbk)
"Appleby, Steven",The truth about love,London,Bloomsbury,2000,0747548331 (pbk)
"Appleby, Steven",Antmen carry away my thoughts as soon as I think them,London,Bloomsbury,1997.0,7.47537402E8
"Appleby, Steven",My secret thoughts by--.,London,Bloomsbury,1996.0,7.47529736E8
"Appleby, Steven",The secret thoughts of women & men,London,Bloomsbury,1996.0,0747532303 (pbk)
"Appleby, Steven",Men :the truth,London,Bloomsbury,1994.0,7.4751875E8
"Appleby, Steven",Normal sex,London,Bloomsbury,1993.0,7.4751651E8
"Appleby, Steven",The collected secret thoughts of Steven Appleby.,London,Bloomsbury,1996.0,0747534918 (pbk.)
"Appleby, Steven",The secret thoughts of cats,London,Bloomsbury,1996.0,0747558507 (pbk.)
"Appleby, Steven",The secret thoughts of women,London,Bloomsbury,1996.0,0747558655 (pbk.)
"Appleby, Steven",The secret thoughts of dogs,London,Bloomsbury,1996.0,0747558701 (pbk.)
"Baxter, Glen",Loomings over the suet,London,Bloomsbury,2004.0,074757524X
"Baxter, Glen",Trundling grunts,London,Bloomsbury,2002,7.47560579E8
"Baxter, Glen",Blizzards of tweed,London,Bloomsbury,1999,7.47544816E8
"Baxter, Glen",Glen Baxter returns to normal.,London,Bloomsbury,1992.0,074751349X
"Bellamy, Frank",Frank Bellamy's King Arthur and his knights :the complete adventure,London,Book Palace Books,2008,9780955159640 (pbk.);0955159644 (pbk.)
"Bellamy, Frank",Robin Hood :the complete adventures,London,Book Palace Books,2008,9780955159633 (pbk.);0955159636 (pbk.)
"Adams, Neal",X-men visionaries :the Neal Adams collection.,London,Boxtree,1996.0,0752203746 (pbk)
"Adams, Scott",Casual day has gone too far,London,Boxtree,1997.0,0752211196 (pbk.)
"Adams, Scott",Seven years of highly defective people :Scott Adams' guided tour of the evolution of Dilbert,London,Boxtree,1997.0,0752224077 (pbk)
"Adams, Scott",What would Wally do? :a Dilbert book,London,Boxtree,2006.0,0752226061 (pbk.);9780752226064 (pbk.)
"Adams, Scott",Thriving on vague objectives,London,Boxtree,2005.0,0752226053 (pbk.)
"Adams, Scott",Don't stand where the comet is assumed to strike oil,London,Boxtree,2004.0,0752224026 (pbk)
"Adams, Scott",The best of Dilbert,London,Boxtree,2002,0752215000 (pbk.)
"Adams, Scott",Dilbert and the way of the weasel,London,Boxtree,2002,7.52265032E8
"Adams, Scott",Excuse me while I wag,London,Boxtree,2001,0752223992 (pbk.)
"Adams, Scott",Alice in Blunderland,London,Boxtree,1999,7.52217372E8
"Adams, Scott",Don't step in the leadership,London,Boxtree,1999,0752223895 (pbk)
"Adams, Scott","The boss :nameless, blameless and shameless : a Dilbert book",London,Boxtree,1998.0,7.52213083E8
"Adams, Scott",No _ you'd better watch out :a Dilbert book,London,Boxtree,1998.0,7.52213091E8
"Adams, Scott",You can't schedule stupidity :a Dilbert book,London,Boxtree,1998.0,7.52213105E8
"Adams, Scott",You don't need experience if you've got attitude :a Dilbert book,London,Boxtree,1998.0,7.52213121E8
"Adams, Scott",Conversations with Dogbert,London,Boxtree,1998.0,075221313X
"Adams, Scott",The Dilbert bunch :a Dilbert book,London,Boxtree,1998.0,7.52213148E8
"Adams, Scott","Please don't feed the egos, and other tips for corporate survival :a Dilbert book",London,Boxtree,1998.0,7.52213156E8
"Adams, Scott","I'm not anti-business, I'm anti-idiot",London,Boxtree,1998.0,0752223798 (pbk)
"Adams, Scott",Journey to Cubeville,London,Boxtree,1998.0,0752223844 (pbk)
"Adams, Scott",Always postpone meetings with time-wasting morons :a Dilbert book,London,Boxtree,1995,7.52208543E8
"Adams, Scott",Bring me the head of Willy the mailboy!,London,Boxtree,1995,0752201360 (pbk)
"Adams, Scott",Shave the whales,London,Boxtree,1995,0752208497 (pbk)
"Adams, Scott",Dilbert :when body language goes bad,London,Boxtree,2003.0,0752224913 (pbk)
"Adams, Scott",Fugitive from the cubicle police,London,Boxtree,1998.0,075222431X (pbk)
"Adams, Scott",Still pumped from using the mouse,London,Boxtree,1996.0,0752222651 (pbk)
"Anderson, Brent Eric",X-men: God loves man kills,London,Boxtree,1994.0,0752208713 (pbk)
"Anderson, Kevin J.",The Sith war,London,Boxtree,1996.0,075220369X (pbk)
"Barreto, Luis Eduardo","Aliens, predator :the deadliest of the species.",London,Boxtree,1995.0,0752206958 (pbk)
"Barreto, Luis Eduardo","Aliens, predator :the deadliest of the species",London,Boxtree,1995.0,0752208780 (pbk)
"Barreto, Luis Eduardo",Star wars :a new hope,London,Boxtree,1997.0,0752223437 (pbk.)
"Bunnage, Mick",All you can eat of home-clubber,London,Boxtree,2009.0,9780752227023 (cased);0752227025 (cased)
"Bunnage, Mick",Modern Toss Christmas special :sixty pages of seasonal analysis in cartoon,London,Boxtree,2008.0,9780752226842 (hbk.);0752226843 (hbk.)
"Bunnage, Mick","Modern toss, another book :from *hitflap",London,Boxtree,2007.0,9780752226590 (hbk.);0752226592 (hbk.)
"Bunnage, Mick",The modern toss guide to work,London,Boxtree,2007.0,9780752226606 (hbk.);0752226606 (hbk.)
"Bunnage, Mick",Modern toss :from *hitflap,London,Boxtree,2004.0,0752225626 (hbk.)
"Bunnage, Mick",Modern toss book :from *hitflap,London,Boxtree,2004.0,0752226169 (pbk.)
"Claremont, Chris",Wolverine :triumphs and tragedies,London,Boxtree,1995.0,0752201085 (pbk)
"Claremont, Chris","Aliens, predator :the deadliest of the species.",London,Boxtree,1995.0,0752206958 (pbk)
"Claremont, Chris","Aliens, predator :the deadliest of the species",London,Boxtree,1995.0,0752208780 (pbk)
"Claremont, Chris",The uncanny X-men.,London,Boxtree,1995,0752201611 (bk. 1);0752201174 (bk. 2)
"Claremont, Chris",Wolverine,London,Boxtree,1994.0,1852833955 (pbk)
"Claremont, Chris",X-men: God loves man kills,London,Boxtree,1994.0,0752208713 (pbk)
"Bell, Anthea",Asterix and the Goths,Leicester,Brockhampton Press,1975.0,0340202955;0340184914
"Bell, Anthea",Asterix and the soothsayer,Leicester,Brockhampton Press,1975.0,3.40195258E8
"Bell, Anthea",Asterix and the laurel wreath,Leicester,Brockhampton Press,1974.0,3.40191074E8
"Bell, Anthea",Asterix in Switzerland,Leicester,Brockhampton Press,1973.0,034017062X
"Bell, Anthea",Asterix and Cleopatra,Leicester,Brockhampton Press,1973.0,0340172207 (pbk)
"Bell, Anthea",Asterix in Britain,Leicester,Brockhampton Press,1973.0,0340172215 (pbk)
"Bell, Anthea",The mansions of the gods,Leicester,Brockhampton Press,1973.0,3.40177195E8
"Bell, Anthea",Asterix at the Olympic Games,Leicester,Brockhampton Press,1972.0,3.40155914E8
"Bell, Anthea",Asterix and the Roman agent,Leicester,Brockhampton Press,1972.0,3.40165405E8
"Bell, Anthea",Asterix and the big fight,Leicester,Brockhampton Press,1971.0,3.40042389E8
"Bell, Anthea",Asterix in Spain,Leicester,Brockhampton Press,1971.0,3.40149345E8
"Baxter, Glen",Jodhpurs in the Quantocks,London,Cape,1986.0,2.24028723E8
"Baxter, Glen",Atlas,London,Cape,1982.0,022402941X
"Baxter, Glen",The impending gleam,London,Cape,1981.0,2.24019929E8
"Bond, Simon",Complete uses of a dead cat,London,Chancellor,1993.0,1.851524282E9
"Bryant, Clive",Romeo and Juliet :the graphic novel,Towcester,Classical,2009.0,9781906332198 (pbk.);1906332193 (pbk.)
"Bryant, Clive",An inspector calls :the graphic novel,Towcester,Classical,2012,9781906332327 (pbk.);1906332320 (pbk.)
"Bryant, Clive",A midsummer night's dream :the graphic novel,Towcester,Classical,2011.0,9781906332891 (pbk.);1906332894 (pbk.)
"Bryant, Clive",Dracula :the graphic novel : quick text,Towcester,Classical,2011,9781906332266 (pbk.);1906332266 (pbk.)
"Bryant, Clive",The importance of being earnest the graphic novel :original text,Towcester,Classical,2011,9781906332921 (pbk.);1906332924 (pbk.)
"Bryant, Clive",The importance of being earnest the graphic novel :quick text,Towcester,Classical,2011.0,9781906332938 (pbk.);1906332932 (pbk.)
"Bryant, Clive",Julius Caesar the graphic novel :original text,Towcester,Classical,2011.0,9781906332945 (pbk.);1906332940 (pbk.)
"Bryant, Clive",Julius Caesar the graphic novel :plain text,Towcester,Classical,2011.0,9781906332952 (pbk.);1906332959 (pbk.)
"Bryant, Clive",Julius Caesar the graphic novel :quick text,Towcester,Classical,2011.0,9781906332969 (pbk.);1906332967 (pbk.)
"Bryant, Clive",Dracula :the graphic novel,Towcester,Classical Comics Ltd.,2011.0,9781906332259 (pbk.);1906332258 (pbk.)
"Bryant, Clive",Wuthering Heights :the graphic novel,Towcester,Classical Comics Ltd.,2011.0,9781906332877 (pbk.);1906332878 (pbk.)
"Bryant, Clive",Henry V :the graphic novel : original text version,Towcester,Classical Comics Ltd.,2007.0,9781906332006 (pbk.);1906332002 (pbk.)
"Bryant, Clive",Jane Eyre :the graphic novel : original text version,Towcester,Classical Comics Ltd.,2008,9781906332068 (pbk.);1906332061 (pbk.)
"Bryant, Clive",Jane Eyre :the graphic novel : quick text version,Towcester,Classical Comics Ltd.,2008,9781906332082 (pbk.);1906332088 (pbk.)
"Bryant, Clive",Macbeth :the graphic novel,Towcester,Classical Comics Ltd.,2008,9781906332051 (pbk.)
"Bryant, Clive",The Canterville ghost :the graphic novel,Towcester,Classical Comics Ltd.,2010,9781906332273 (pbk.);1906332274 (pbk.)
"Bryant, Clive",Henry V :the graphic novel : plain text version,Towcester,Classical Comics Ltd.,2007.0,9781906332013 (pbk.);1906332010 (pbk.)
"Bryant, Clive",Henry V :the graphic novel : quick text version,Towcester,Classical Comics Ltd.,2007.0,9781906332020 (pbk.);1906332029 (pbk.)
"Bryant, Clive",Sweeney Todd :the demon barber of Fleet Street : the graphic novel,Towcester,Classical Comics Ltd.,2012,9781906332792 (pbk.);1906332797 (pbk.)
"Bryant, Mark",Airborne free :Red Devils and other rarebreeds : cartoons for The Airborne Force Charities Development Trust and The David Shepherd Conservation Foundation,London,Cooper,1989.0,085052153X (pbk)
"Bolton, John",Harlequin valentine,"Milwaukie, OR",Dark Horse Comics,2001,1.840234113E9
"Claremont, Chris",Star Wars omnibus.,"Milwaukie, OR",Dark Horse Comics,2013,9781781167755 (volume 1 : Titan Books : pbk.);9781616551469 (volume 1 : Dark Horse Books : pbk.);9781783290680 (volume 2 : TItan Books : pbk.)
"Andru, Ross",Wonder Woman.,"New York, NY",DC Comics,2011,9780857688668 (pbk.);0857688669 (pbk.)
"Benes, Ed",Sensei and student,New York,DC Comics,2004.0,1845760271 (pbk.);1401204341 (U.S. : pbk.)
"Bisley, Simon",The Batman/Judge Dredd collection,"New York, NY",DC Comics,2012,9781781080788;178108078X
"Brosseau, Pat",Gotham County line,New York,DC Comics,2006,9781401209056 (DC Comics : pbk.);140120905X (DC Comics : pbk.);9781845764012 (Titan : pbk.);1845764013 (Titan : pbk.)
"Carey, Mike",Lucifer :a dalliance with the damned,New York,DC Comics,2002,1840234709 (pbk.)
"Bachalo, Chris",The witching hour,New York,DC Comics,2003.0,184023251X (pbk);1563896885
"Beatty, Scott",JLA.,New York,DC Comics,2002,1840235306 (pbk)
"Benes, Ed",Between dark & dawn,"New York, NY",DC Comics,2006.0,1845762401 (Titan Books : pbk.);9781401209407 (DC Comics : pbk.);1401209408 (DC Comics : pbk.)
"Bolland, Brian",DC Universe.,New York,DC Comics,2011,9780857684776;0857684779;9781401231330 (US);9781401231347 (US)
"Bolton, John",Furies,New York,DC Comics,2002,1.563899353E9
"Carey, Mike",Furies,New York,DC Comics,2002,1.563899353E9
"Carey, Mike",Faker,"New York, NY",DC Comics,2008,9781845768386 (Titan Books : pbk.);1845768388 (Titan Books : pbk.);9781401216634 (DC Comics : pbk.)
"Chaykin, Howard V.",Son of Superman,New York,DC Comics,1999,"1840231416 (pbk.);1563895951 (DC Comics, cased);156389596X (DC Comics, pbk)"
"Chaykin, Howard V.",Bite club,"New York, NY",DC Comics,2005.0,1845760654 (Titan Books: pbk.);1401204929 (DC Comics: pbk.)
"Bolton, John",The books of magic,"New York, NY",DC Comics,1993.0,9781852864705 (Titan Books : pbk.);1852864702 (Titan Books : pbk.);9781563890826 (DC Comics : pbk.);1563890828 (DC Comics : pbk.)
"Beatty, Scott",The DC Comics encyclopedia :the definitive guide to the characters of the DC universe,London,Dorling Kindersley,2008,9781405328913 (hbk.);1405328916 (hbk.)
"Beatty, Scott",Catwoman :the visual guide to the feline fatale,London,Dorling Kindersley,2004.0,1.405305347E9
"Beatty, Scott",The DC Comics encyclopedia :[the definitive guide to the characters of the DC universe].,London,Dorling Kindersley,2004.0,1405305916 (hbk.)
"Beatty, Scott",Wonder Woman :the ultimate guide to the amazon princess,London,Dorling Kindersley,2003.0,7.51346489E8
"Beatty, Scott",Superman :the ultimate guide to the man of steel,London,Dorling Kindersley,2002,7.51320668E8
"Beatty, Scott",JLA :he ultimate guide to the Justice League of America,London,Dorling Kindersley,2002,7.51347981E8
"Beatty, Scott",Batman :the ultimate guide to the dark knight,London,Dorling Kindersley,2001,075132065X
"Beatty, Scott",The Avengers :the ultimate guide to earth's mightiest heroes!,London,Dorling Kindersley,2012,9781405394512 (cased);140539451X (cased)
"Bryant, Mark",Turn over a new leaf,London,Earthscan,1999,1853830852 (pbk)
"Bond, Simon",Have a nice day,London,Ebury,1986.0,8.52235178E8
"Bolton, John",The yattering and Jack,London,Eclipse Graphic Novels,1993.0,0586217509 (pbk)
"Bell, Anthea","Lieutenant Blueberry, Lone Eagle",London,Egmont Publishing Limited,1978.0,0416050301 (pbk)
"Bell, Anthea","Lieutenant Blueberry, mission to Mexico",London,Egmont Publishing Limited,1978.0,0416050409 (pbk)
"Bell, Anthea",The wicked wiles of Iznogoud :an adventure of Haroun al Plassid,London,Egmont-Methuen,1978.0,041605000X (pbk)
"Bell, Anthea",Iznogoud the infamous :an adventure of Haroun al Plassid,London,Egmont-Methuen,1977.0,0416053807 (pbk)
"Bryant, Mark",Mac 2000 :cartoons from the Daily Mail,Edgeware,Equinox,2000,1903644011 (pbk.)
"Campbell, Eddie",Alec :episodes from the life of Alec MacGarry,London,Escape,1984.0,0950956805 (pbk)
"Bryant, Mark",The world's greatest golf cartoons,Mount Kisco; Watford,Exley,1993.0,1850154392 (pbk)
"Bryant, Mark",The World's greatest cat cartoons,Mount Kisco; Watford,Exley,1993.0,1850154406 (pbk)
"Bryant, Mark",The world's greatest computer cartoons,Mount Kisco; Watford,Exley,1993.0,1850154414 (pbk)
"Bryant, Mark",The World's greatest Dad cartoons,Mount Kisco; Watford,Exley,1993.0,1850154619 (pbk)
"Bryant, Mark",The world's greatest sex cartoons,New York ; Watford,Exley,1995.0,1850156247 (pbk)
"Bryant, Mark",The World's greatest keep-fit cartoons,New York ; Watford,Exley,1994.0,1850155062 (pbk)
"Bryant, Mark",The World's greatest business cartoons,New York ; Watford,Exley,1994.0,1850155070 (pbk)
"Bryant, Mark",The World's greatest do-it-yourself cartoons,New York ; Watford,Exley,1994.0,1850155097 (pbk)
"Bryant, Mark",The world's greatest marriage cartoons,New York ; Watford,Exley,1995.0,1850156255 (pbk)
"Bryant, Mark",The world's greatest middle age cartoons,New York ; Watford,Exley,1994.0,1850155089 (pbk)
"Bryant, Mark",The worlds greatest business cartoons,New York ; Watford,Exley,1994.0,1850155070 (pbk)
"Clowes, Daniel",Lout rampage,Seattle,Fantagraphics,1997.0,1560970707 (pbk.)
"Clowes, Daniel",Pussey!.,Seattle,Fantagraphics,1997.0,1560971835 (pbk)
"Clowes, Daniel",Orgy bound.,Seattle,Fantagraphics,1997.0,1560973021 (pbk.)
"Clowes, Daniel",Ghost world.,Seattle,Fantagraphics,1998.0,1560972807 (pbk)
"Clowes, Daniel",Caricature,Seattle,Fantagraphics,2000,1.560973293E9
"Baikie, Jim",Food for thought :comic strips & illustrations,Southend-on-Sea,Flying Pig Enterprises,1985.0,
"Bellamy, Sasha",The ex-files :things to do with men behaving badly,London,Foulsham,1998.0,0572024304 (pbk)
"Boultwood, Dan",The adventure of the missing detective,London,Franklin Watts,2011.0,9781445103426 (pbk.);1445103427 (pbk.)
"Boultwood, Dan",The adventure of the phantom of Drury Lane,London,Franklin Watts,2011,9781445103433 (pbk.);1445103435 (pbk.)
"Boultwood, Dan",The adventure of the charge of the old brigade,London,Franklin Watts,2011,9781445103440 (pbk.);1445103443 (pbk.)
"Boultwood, Dan",The adventure of the family reunion,London,Franklin Watts,2011,9781445103457 (pbk.);1445103451 (pbk.)
"Boultwood, Dan",The phone goes dead,London,Franklin Watts,2010,9780749695095 (pbk.);0749695099 (pbk.)
"Boultwood, Dan",Killer camera,London,Franklin Watts,2010,9780749695101 (pbk.);0749695102 (pbk.)
"Boultwood, Dan",The hitchhiker,London,Franklin Watts,2010,9780749695125 (pbk.);0749695129 (pbk.)
"Bell, Anthea",Asterix and the pirates,London,GeminiScan Publishing Co,1978.0,0340227710 (sd)
"Bell, Anthea",Asterix and the circus of Rome,London,GeminiScan Publishing Co,1976.0,0340209402;0856910325 (sd)
"Bell, Anthea",Asterix and the twelve tasks,London,GeminiScan Publishing Co,1978.0,0340227702 (sd)
"Appleby, Steven",The 122 turn-offs :a catalogue of unnerving encounters,London,Grub Street,1993.0,0948817836 (pbk)
"Appleby, Steven",The 1113 *@KÃï-UPS :a nightmare of inadvertent calamities,London,Grub Street,1995.0,1898697116 (pbk)
"Appleby, Steven",The 99 don'ts :a guide to unrecommendable practices,London,Grub Street,1992.0,094881764X (pbk)
"Bryant, Mark","The world's greatest war cartoonists, 1792-1945 :an A-Z",London,Grub Street,2011.0,9781908117083 (hbk.);1908117087 (hbk.)
"Bryant, Mark",Larry on Larry,London,Grub Street,1994.0,0948817860 (pbk)
"Bellus, Jean",Clementine and the boys.,,Hamilton & Co,1964.0,
"Bellus, Jean",Clementine and l'amour,,Hamilton & Co,1963.0,
"Bellus, Jean",Clementine and her men.,,Hamilton & Co,1959.0,
"Abnett, Dan",Sinister Dexter :gun lovin' criminals,London,Hamlyn,1998.0,0600596419 (pbk)
"Abnett, Dan",Durham Red: the Scarlet cantos,London,Hamlyn,1999,060059968X (pbk.)
"Bisley, Simon",The horned god,London,Hamlyn,1998.0,6.00596516E8
"Christie, Agatha",Cards on the Table,London,HarperCollins,2010,9780007319343 (hbk.);0007319347 (hbk.)
"Christie, Agatha",Five little pigs,London,HarperCollins,2010,9780007354740 (cased);0007354746 (cased)
"Christie, Agatha",The murder at the vicarage,London,HarperCollins,2008.0,9780007274604 (cased);0007274602 (cased)
"Christie, Agatha",The secret adversary,London,HarperCollins,2008.0,9780007274611 (cased);0007274610 (cased)
"Christie, Agatha",Endless night,London,HarperCollins,2008,9780007275335 (hbk.);0007275331 (hbk.)
"Christie, Agatha",Hallowe'en party,London,HarperCollins,2008,9780007280544 (hbk.);0007280548 (hbk.)
"Christie, Agatha",The secret of Chimneys,London,HarperCollins,2007.0,9780007250592;0007250592
"Christie, Agatha",The mystery of the blue train,London,HarperCollins,2007.0,9780007250608 (hbk.);0007250606 (hbk.)
"Christie, Agatha",The murder of Roger Ackroyd,London,HarperCollins,2007.0,9780007250615 (hbk.);0007250614 (hbk.)
"Christie, Agatha",The man in the brown suit,London,HarperCollins,2007.0,9780007250622 (hbk.);0007250622 (hbk.)
"Christie, Agatha",The big four,London,HarperCollins,2007.0,9780007250653 (hbk.);0007250657 (hbk.)
"Christie, Agatha",Dead man's folly,London,HarperCollins,2012,9780007451333 (hbk.);0007451334 (hbk.)
"Christie, Agatha",And then there were none,London,HarperCollins,2009.0,9780007275328 (hbk.);0007275323 (hbk.)
"Christie, Agatha",Peril at End House,London,HarperCollins,2009,9780007280551 (hbk.);0007280556 (hbk.)
"Christie, Agatha",Dumb witness,London,HarperCollins,2008.0,9780007293100 (hbk.);0007293100 (hbk.)
"Christie, Agatha",Murder in Mesopotamia,London,HarperCollins,2008,9780007275304 (hbk.);0007275307 (hbk.)
"Christie, Agatha",Ordeal by innocence,London,HarperCollins,2008,9780007275311 (hbk.);0007275315 (hbk.)
"Christie, Agatha",Murder on the Orient Express,London,HarperCollins,2007.0,9780007246588;0007246587
"Christie, Agatha",The murder on the links,London,HarperCollins,2007.0,9.780007250578E12
"Christie, Agatha",Death on the Nile,London,HarperCollins,2007.0,9780007250585;0007250584
"Bryant, Mark",Publish and be damned! :cartoons for International PEN,London,Heinmann Kingswood,1988.0,0434981559 (pbk)
"Bell, Anthea","The Smurfic games ; and, Smurf of one and Smurf a dozen of the other",London,Hodder and Stoughton,1980.0,0340246316;0340246340
"Bell, Anthea",Obelix and Co.,London,Hodder and Stoughton,1979.0,3.40227095E8
"Bell, Anthea","The weather smurfing maching machine / written by Peyo, Y. Delporte and Gos ; [and], Smurf stories / [written by Y. Delporte and Peyo]",London,Hodder and Stoughton,1979.0,0340227656;0340227648 (pbk)
"Bell, Anthea",Asterix and the banquet,London,Hodder and Stoughton,1979.0,3.40231742E8
"Bell, Anthea","The smurf's apprentice / [by] Peyo ; [and], Smurftraps / [by Peyo & Gos]",London,Hodder and Stoughton,1979.0,0340238747;0340238763 (pbk)
"Bell, Anthea",Asterix and the Normans,London,Hodder and Stoughton,1979.0,0340243074 (pbk)
"Bell, Anthea",Asterix and the great crossing,London,Hodder and Stoughton,1977.0,0340215895 (Pbk)
"Bell, Anthea",Asterix and the chieftain's shield,London,Hodder and Stoughton,1977.0,3.40213949E8
"Bell, Anthea",Asterix and Caesar's gift,London,Hodder and Stoughton,1977.0,3.40215887E8
"Bell, Anthea",Asterix and the cauldron,London,Hodder and Stoughton,1976.0,3.40202122E8
"Bell, Anthea",Asterix and the golden sickle,London,Hodder and Stoughton,1975.0,3.40202092E8
"Bell, Anthea",Asterix in Corsica,London,Hodder and Stoughton,1979.0,3.40240741E8
"Bell, Steve",If-- bursts out,London,Jonathan Cape,2001,9780224087629 (hbk.);0224087622 (hbk.)
"Clowes, Daniel",Ice haven,London,Jonathan Cape,2005.0,9780224077798;0224077791
"Clowes, Daniel",Mister Wonderful :a love story,London,Jonathan Cape,2011,9780224085342 (hbk.);0224085344 (hbk.)
"Clowes, Daniel",The Death-Ray,London,Jonathan Cape,2011,9780224094115 (cased);0224094114 (cased)
"Clowes, Daniel",Wilson,London,Jonathan Cape,2010,9780224090612 (hbk.);0224090615 (hbk.)
"Clowes, Daniel",David Boring,London,Jonathan Cape,2002,0224063235 (pbk.)
"Clowes, Daniel",Ghost world,London,Jonathan Cape,2000,2.2406088E8
"Bell, Anthea",Asterix the legionary,Leicester,Knight Books,1975.0,0340176563 (pbk)
"Bell, Anthea",Asterix the gladiator,Leicester,Knight Books,1973.0,0340168064 (pbk)
"Bell, Anthea",Asterix the Gaul,London,Knight Books,1972.0,0340160543 (pbk)
"Campbell, Eddie",The playwright,London,Knockabout,2010,9780861661671 (cased);0861661672 (cased)
"Campbell, Eddie",The From hell companion,London,Knockabout,2013.0,9780861661848 (pbk.)
"Bolland, Brian",Bolland strips!,London,Knockabout Comics,2004.0,8.61661508E8
"Campbell, Eddie",A disease of language,London,Knockabout Comics,2005.0,0861661532 (hbk.)
"Anderson, Brent Eric",The shadow's edge,Oxford,Lion Publishing,1992.0,0745923690 (pbk);0732406064 (Australia)
"Anderson, Brent Eric",The cutting edge,Oxford,Lion Publishing,1993.0,0745923704 (pbk)
"Baxter, Glen",The collected blurtings of Baxter,Boston; London,"Little, Brown",1993.0,3.16905429E8
"Baxter, Glen",The further blurtings of Baxter,Boston; London,"Little, Brown",1994.0,3.16909882E8
"Austin, David",Book of love,Walton-on-Thames,M & J Hobbs,1970.0,0851380115 (pbk)
"Bond, Simon",A bruise of bouncers :a book of collectives,London,Macdonald,1987.0,0356150569 (pbk)
"Campbell, Eddie",The fate of the artist,London,Macmillan Children's,2006,033044462X (pbk.)
"Austin, David",Far from the madding cow!,Edinburgh,Mainstream,1990.0,1851583238 (pbk)
"Barker, Martin","Comics :ideology, power and the critics",Manchester,Manchester University Press,1989.0,0719025893 (pbk);0719025885 (cased)
"Baikie, Jim",Skizz II :alien creatures,London,Mandarin,1993.0,0749316381 (pbk)
"Bell, Steve",If-bottoms out,London,Mandarin,1993.0,0749315059 (pbk)
"Bell, Steve",If-goes down the John,London,Mandarin,1992.0,0749311444 (pbk)
"Bell, Steve",If - Kicks butt,London,Mandarin,1991.0,0749308168 (pbk)
"Bisley, Simon","Batman, Judge Dredd :judgement on Gotham",London,Mandarin,1992.0,0749314583 (pbk)
"Bisley, Simon",Judge Dredd :heavy metal Dredd,London,Mandarin,1993.0,0749315555 (pbk)
"Bisley, Simon",Sl πaine :the horned God,London,Mandarin,1993.0,0749316373 (pbk)
"Bond, Simon",Everybody's doing it,London,Mandarin,1993.0,0749315040 (pbk)
"Bond, Simon",Uses of a dead cat in history,London,Mandarin,1992.0,0749312122 (pbk)
"Bond, Simon",Dubious practices,London,Mandarin,1991.0,0749308257 (pbk)
"Bond, Simon",A hundred and one more uses of a dead cat,London,Mandarin,1992.0,0749313188 (pbk)
"Bond, Simon",A hundred and one uses of a dead cat,London,Mandarin,1991.0,0749308346 (pbk)
"Adlard, Charlie",The X files :firebird and other stories,London,Manga Books,1995,1900097087 (pbk)
"Adlard, Charlie",Project aquarius and other stories,London,Manga Books,1996.0,1900097176 (pbk.)
"Bendis, Brian Michael",Ultimate annuals.,New York,Marvel Comics,2006,0785120351 (pbk.)
"Cassaday, John",Astonishing X-Men,New York,Marvel Comics,2006.0,0785123016 (cased);0785117334 (hbk.)
"Bolton, John",Night raven :the collected stories,London,Marvel Comics,1990.0,1854002279 (pbk)
"Bell, Steve",If - marches on,London,Methuen,2006.0,9780413775719 (hbk.);0413775712 (hbk.)
"Bell, Steve",Unspeakable if -,London,Methuen,2003.0,0413773574 (pbk.)
"Bell, Steve",Chairman Blair's little red book,London,Methuen,2001,0413760006 (pbk.)
"Bell, Steve",The if files.,London,Methuen,1997.0,0413720209 (pbk)
"Bell, Steve",For whom Bell tolls,London,Methuen,1994.0,0413690709 (pbk)
"Bell, Steve",The revolutionary if-,London,Methuen,1990.0,0413638405 (pbk)
"Bell, Steve",The vengeance of if-,London,Methuen,1989.0,0413619400 (pbk)
"Bell, Steve",If _ breezes in,London,Methuen,1988.0,0413188302 (pbk)
"Bell, Steve",If- bounces back,London,Methuen,1987.0,041315890X (pbk)
"Bell, Steve",The unrepeatable,London,Methuen,1986.0,0413144402 (pbk)
"Bell, Steve",Another load of IF-,London,Methuen,1985.0,0413586707 (pbk)
"Bell, Steve",If - only again,London,Methuen,1984.0,0413566005 (pbk)
"Bell, Steve",The if _ chronicles,London,Methuen,1983.0,0413539709 (pbk)
"Bell, Steve",Unstoppable If_,London,Methuen,2001,0413759903 (pbk.)
"Bell, Steve",The Steve Bell album.,London,Methuen,1998.0,0413725405 (pbk)
"Bell, Steve",The big if -,London,Methuen,1995.0,0413697703 (pbk)
"Bond, Simon",Totally U.S.,London,Methuen,1989.0,0413173704 (pbk)
"Bond, Simon",Holy unacceptable,London,Methuen,1999,0413619702 (pbk)
"Bond, Simon",Odd dogs :a hundred and one scenes of canine life,London,Methuen,1989.0,0413192903 (pbk)
"Bond, Simon",Teddy,London,Methuen,1985.0,0413581209 (pbk)
"Bond, Simon",Success :and how to be one,London,Methuen,1984.0,0413552705 (pbk)
"Bond, Simon",Odd visions and bizarre sights,London,Methuen,1983.0,0413528707 (pbk)
"Bond, Simon",A hundred and one uses of a dead cat,London,Methuen,2006.0,9780413776167 (pbk.);0413776166 (pbk.)
"Bond, Simon",Uniformity,London,Methuen,1986.0,0413411907 (pbk);041341180X (cased)
"Bell, Steve",Apes of wrath,London,Methuen,2004.0,0413774503 (cased)
"Bell, Steve",Maggie's farm :the last roundup,London,Methuen,1987.0,0413158802 (pbk)
"Bunnage, Mick",Modern toss presents more work,Brighton,Modern Toss,2010,9780956419118 (hbk.)
"Adams, Scott",Dogbert's clues for the clueless,London,Nicholas Brealey,1993.0,1857880315 (pbk)
"Appleby, Steven",Machinese whispers,London,Old Street,2006.0,9781905847013 (hbk.);1905847017 (hbk.)
"Aaron, Jason",X-Men.,Tunbridge Wells,Panini,2012,9781846535024 (pbk.);1846535026 (pbk.)
"Aaron, Jason",Wolverine and the X-Men.,Tunbridge Wells,Panini,2012,9781846535130 (pbk.);1846535131 (pbk.)
"Aaron, Jason",Thor God of Thunder :The God butcher,Tunbridge Wells,Panini,2013.0,9781846535338 (pbk.)
"Aaron, Jason",Astonishing Spider-Man & Wolverine,Tunbridge Wells,Panini,2011,9781846534768 (pbk.);1846534763 (pbk.)
"Aaron, Jason",Ultimate Captain America,Tunbridge Wells,Panini,2011,9781846534898 (pbk.);1846534895 (pbk.)
"Adams, Art",Origins,Tunbridge Wells,Panini,2010,9781846534645 (pbk.);184653464X (pbk.)
"Anderson, Brent Eric",Rogue storm,Tunbridge Wells,Panini,2006.0,190523953X (pbk.)
"Andru, Ross",Shattered by the Shocker,Tunbridge Wells,Panini,2012,9781846531590 (pbk.);1846531594 (pbk.)
"Andru, Ross",The delusion conspiracy,Tunbridge Wells,Panini,2011.0,9781846531569 (pbk.);184653156X (pbk.)
"Andru, Ross",The amazing Spider-Man.,Tunbridge Wells,Panini,2009,9781846530968 (pbk.);1846530962 (pbk.)
"Bachalo, Chris",Wolverine and the X-Men.,Tunbridge Wells,Panini,2012,9781846535130 (pbk.);1846535131 (pbk.)
"Bagley, Mark",Venom,Tunbridge Wells,Panini,2006.0,1905239432 (pbk.)
"Bagley, Mark",Death of Spider-man,Tunbridge Wells,Panini,2011,9781846534980 (pbk.)
"Bendis, Brian Michael",Ultimate Spider-Man.prelude,Tunbridge Wells,Panini,2011,9781846534867 (pbk.);1846534860 (pbk.)
"Bendis, Brian Michael",House of M,Tunbridge Wells,Panini,2006,190523922X (pbk.)
"Bendis, Brian Michael",Spider-Men,Tunbridge Wells,Panini,2012,9781846535208 (pbk.);1846535204 (pbk.)
"Bendis, Brian Michael",Ultimate Comics Spider-Man.,Tunbridge Wells,Panini,2012,9781846535031 (pbk.);1846535034 (pbk.)
"Bendis, Brian Michael",Secret invasion,Tunbridge Wells,Panini,2008,9781846534058 (pbk.);1846534054 (pbk.)
"Bendis, Brian Michael",Avengers vs X-Men,Tunbridge Wells,Panini,2012,9781846535185 (pbk.);1846535182 (pbk.)
"Bendis, Brian Michael",Avengers prime,Tunbridge Wells,Panini,2011,9781846534805 (pbk.);1846534801 (pbk.)
"Bendis, Brian Michael",Death of Spider-man,Tunbridge Wells,Panini,2011,9781846534980 (pbk.)
"Bendis, Brian Michael",Siege,Tunbridge Wells,Panini,2001,9781846534522 (pbk.);1846534526 (pbk.)
"Bendis, Brian Michael",Ultimate Spider-man.,Tunbridge Wells,Panini,2001,9781846534669 (pbk.);1846534666 (pbk.)
"Bendis, Brian Michael",Civil war,Tunbridge Wells,Panini,2008,9781905239818 (pbk.);1905239815 (pbk.)
"Bendis, Brian Michael",The new avengers :the collective,Tunbridge Wells,Panini,2007.0,9781905239689 (pbk.);1905239688 (pbk.)
"Bendis, Brian Michael",Secret war,Tunbridge Wells,Panini,2006.0,9781905239160 (pbk.);1905239165 (pbk.)
"Bendis, Brian Michael",Blockbuster,Tunbridge Wells,Panini,2006,190523936X (pbk.)
"Bendis, Brian Michael",Venom,Tunbridge Wells,Panini,2006,1905239432 (pbk.)
"Carey, Mike",Inhuman,Tunbridge Wells,Panini,2005.0,1905239335 (pbk.);9781905239337 (pbk.)
"Carey, Mike",Age of X,Tunbridge Wells,Panini,2011.0,9781846534904 (pbk.);1846534909 (pbk.)
"Cassaday, John",Union Jack,Tunbridge Wells,Panini,2009.0,9781846534195 (pbk.);1846534194 (pbk.)
"Cassaday, John",Astonishing X-Men trilogy collection,Tunbridge Wells,Panini,2009.0,9781846534362 (pbk.);1846534364 (pbk.)
"Cassaday, John",Astonishing X-Men.,Tunbridge Wells,Panini,2007.0,9781905239597 (pbk.);1905239599 (pbk.)
"Cassaday, John",Dangerous,Tunbridge Wells,Panini,2005.0,1904159915 (pbk.)
"Cassaday, John",The red shadow,Tunbridge Wells,Panini,2013,9781846535284 (pbk.)
"Chaykin, Howard V.",Civil war,Tunbridge Wells,Panini,2008.0,9781905239818 (pbk.);1905239815 (pbk.)
"Claremont, Chris",Night screams,Tunbridge Wells,Panini,2008,9781846530715 (pbk.);1846530717 (pbk.)
"Claremont, Chris",Legacy of the lost,Tunbridge Wells,Panini,2011.0,9781846531385 (pbk.);1846531381 (pbk.)
"Claremont, Chris",X-Men.,Tunbridge Wells,Panini,2010,9781846534720;1846534720
"Claremont, Chris",Beyond the farthest star,Tunbridge Wells,Panini,2009,9781846530814 (pbk.);1846530814 (pbk.)
"Claremont, Chris",The greatest foes of Wolverine,Tunbridge Wells,Panini,2009,9781846534225 (pbk.);1846534224 (pbk.)
"Claremont, Chris",The tales of Chris Claremont.,Tunbridge Wells,Panini,2008,9781905239948 (pbk.);1905239947 (pbk.)
"Claremont, Chris","God loves, man kills",Tunbridge Wells,Panini,2007.0,9781846530470 (pbk.);1846530474 (pbk.)
"Claremont, Chris",Captain Britain.,Tunbridge Wells,Panini,2007.0,9781905239306 (v. 1 : pbk.);1905239300 (v. 1 : pbk.);9781905239726 (v. 2 : pbk.);1905239726 (v. 2 : pbk.);9781846534010 (v. 3 : pbk.);1846534011 (v. 3 : pbk.);9781846534331 (v. 4 : pbk.);184653433X (v. 4 : pbk.);9781846534591 (v. 5 : pbk.)
"Claremont, Chris",The uncanny X-Men :dark phoenix,Tunbridge Wells,Panini,2006.0,9781904419921 (pbk.);1904419925 (pbk.)
"Claremont, Chris",X-men,Tunbridge Wells,Panini,2006,1905239319 (pbk.)
"Claremont, Chris",Rogue storm,Tunbridge Wells,Panini,2006,190523953X (pbk.)
"Claremont, Chris",The Alan Davis omnibus,Tunbridge Wells,Panini,2006,1905239408 (pbk.)
"Claremont, Chris",Magneto triumphant,Tunbridge Wells,Panini,2005.0,190441964X (pbk.)
"Claremont, Chris",The definitive Wolverine,Tunbridge Wells,Panini,2009,9781846534096 (pbk.);1846534097 (pbk.)
"Bagley, Mark",Ultimate Spider-Man :trilogy collection,Tunbridge Wells,Panini,2008,"9781905239924 (set : pbk.);1905239920 (set : pbk.);1904159427 (Double trouble : pbk,);1904159826 (Legacy : pbk.);1904159877 (Public scrutiny : pbk.)"
"Bendis, Brian Michael",Ultimate Spider-Man :trilogy collection,Tunbridge Wells,Panini,2008,"9781905239924 (set : pbk.);1905239920 (set : pbk.);1904159427 (Double trouble : pbk,);1904159826 (Legacy : pbk.);1904159877 (Public scrutiny : pbk.)"
"Aaron, Jason",The Avengers vs the X-Men,Tunbridge Wells,Panini,2012,9781846535192 (paperback);1846535190 (paperback)
"Bendis, Brian Michael",All-new X-Men.,Tunbridge Wells,Panini,2013,9781846535321 (paperback)
"Carey, Mike",Fantastic Four :official movie adaptation,London,Panini,2005.0,1904419550 (pbk.)
"Claremont, Chris",Wanted : Wolverine :dead or alive,Tunbridge Wells,Panini,2005.0,1904419801 (pbk.)
"Bell, Steve",Maggie's farm,Harmondsworth,Penguin,1981.0,0140060782 (pbk)
"Adams, Jeff",Documentary graphic novels and social realism,Oxford,Peter Lang,2008,9783039113620 (pbk.);3039113623 (pbk.)
"Baxter, Glen",The billiard table murders :a Gladys Babbington Morton mystery,London,Picador,1990.0,0330321420 (pbk)
"Bryant, Mark","The best of Mac, 2000-2009 :a decade of cartoons from the Daily Mail",London,Portico,2009.0,9781906032739 (hbk.);1906032734 (hbk.)
"Appleby, Steven",The little book of parking tickets,London,Portrait,2007.0,9780749951610 (hbk.);0749951613 (hbk.)
"Appleby, Steven",Literally - laugh your head off,London,Prion,2007.0,9781853756368 (pbk.);1853756369 (pbk.)
"Bryant, Mark",H.M. Bateman,London,Prion,2002,1.853754587E9
"Bryant, Mark",Nicolas Bentley,London,Prion,2002,1.853754595E9
"Austin, David",The jokes of David Austin.,London,Private eye,1984.0,0233977090 (pbk)
"Anderson, Brent Eric","Marmaduke, super dog",London,Ravette,1983.0,0906710928 (pbk)
"Abnett, Dan",Durham Red :the empty suns,Oxford,Rebellion,2007.0,9781905437450 (pbk.);1905437455 (pbk.)
"Abnett, Dan",Durham Red.,Oxford,Rebellion,2006,1904265863 (pbk.)
"Abnett, Dan",Murder 101,Oxford,Rebellion,2005.0,190426526X (pbk.)
"Abnett, Dan",Slay per view,Oxford,Rebellion,2005.0,1904265383 (pbk.)
"Abnett, Dan",The vermin stars,Oxford,Rebellion,2005.0,1904265081 (pbk.)
"Adlard, Charlie",Savage.,Oxford,Rebellion,2007.0,9781905437283 (pbk.);1905437285 (pbk.)
"Adlard, Charlie",Nikolai Dante :the great game,Oxford,Rebellion,2005.0,1904265324 (pbk.)
"Adlard, Charlie",The courtship of Jena Makarov,Oxford,Rebellion,2005.0,1904265448 (pbk.)
"Adlard, Charlie",Nikolai Dante.,Oxford,Rebellion,2004.0,9781904265207 (pbk.);1904265200 (pbk.)
"Anderson, Brent Eric","Anderson, PSI-Division",Oxford,Rebellion,2005.0,1904265391 (pbk.)
"Belardinelli, Massimo",Black Hawk :the intergalactic gladiator,Oxford,Rebellion,2011,9781907992599 (pbk.);1907992596 (pbk.)
"Belardinelli, Massimo",Mean Team,Oxford,Rebellion,2013.0,9781781081105 (paperback)
"Belardinelli, Massimo",The complete Harlem Heroes,Oxford,Rebellion,2001,9781906735524 (pbk.);1906735522 (pbk.)
"Belardinelli, Massimo",The complete Ace Trucking Co.,Oxford,Rebellion,2008,9781905437771 (v. 1 : pbk.);1905437773 (v. 1 : pbk.);9781905437986 (v. 2 : pbk.);1905437986 (v. 2 : pbk.)
"Belardinelli, Massimo",Warrior's dawn,Oxford,Rebellion,2005.0,1904265332 (pbk.)
"Bisley, Simon",The black hole,Oxford,Rebellion,2005.0,1904265375 (pbk.)
"Bisley, Simon",The Batman/Dredd files,Oxford,Rebellion,2004.0,1904265154 (pbk.)
"Bisley, Simon",Heavy metal Dredd,Oxford,Rebellion,2009.0,9781905437962 (pbk.);190543796X (pbk.)
"Bolland, Brian",The Cursed Earth saga,Oxford,Rebellion,2012,9781781080085 (pbk.);1781080089 (pbk.)
"Bolland, Brian",The Dark Judges,Oxford,Rebellion,2012,9781781080450 (pbk.);1781080453 (pbk.)
"Bolland, Brian",Young Death :boyhood of a superfiend,Oxford,Rebellion,2008.0,9781905437658 (pbk.);190543765X (pbk.)
"Bolland, Brian",Shamballa,Oxford,Rebellion,2008.0,9781905437672 (pbk.);1905437676 (pbk.)
"Bolland, Brian",Dredd vs Death,Oxford,Rebellion,2005.0,1904265316 (pbk.)
"Bolland, Brian",The cursed earth,Oxford,Rebellion,2005.0,190426543X (pbk.)
"Carey, Mike",Carver hale :twisting the knife,Oxford,Rebellion,2005.0,9781904265627 (cased);1904265626 (cased)
"Carey, Mike",Thirteen,Oxford,Rebellion,2005.0,1904265367 (pbk.)
"Bellamy, Frank",Century 21.,London,Reynolds & Hearn,2009,9780857682642 (Titan Books : pbk.);0857682644 (Titan Books : pbk.);9781904674290 (Reynolds & Hearn : cased);9781904674085 (Reynolds & Hearn : pbk.)
"Bryant, Mark",Mac 2007,London,Robson Books,2007.0,9781905798155 (pbk.);1905798156 (pbk.)
"Bryant, Mark",Mac 2006,London,Robson Books,2006,186105985X (pbk.)
"Bryant, Mark",Mac 2005 :cartoons from the Daily mail,London,Robson Books,2005.0,1861058810 (pbk.)
"Bryant, Mark",It's a dog's life :a canine cartoon collection,London,Robson Books,1991.0,0860517527 (pbk)
"Austin, David",Annual Austin :the year in cartoons from the pages of `The Guardian`,Tresaith,Sam Books,1993.0,
"Appleby, Steven",Better living through air guitar,London,Sanctuary,2005.0,1860746535 (hbk.)
"Bryant, Mark","Dictionary of British cartoonists and caricaturists, 1730-1980","Aldershot, Hants, England",Scolar Press ,1994.0,8.59679764E8
"Bond, Simon",Commuted to life :humour to get you home,"Wadenhoe, Peterborough",Silver Link Publishing,1992.0,0947971912 (pbk)
"Chaykin, Howard V.",The 'Marvel comics' illustrated version of 'Star wars',London,Sphere,1979.0,
"Baxter, Glen",Glen Baxter :his life : the years of struggle.,London,Thames and Hudson,1983.0,5.00013071E8
"Aaron, Jason",Trail's end,London,Titan,2012,9781781164891 (pbk.);1781164894 (pbk.)
"Aaron, Jason",Dead mothers,London,Titan,2008,9781845769970 (pbk.);184576997X (pbk.)
"Abnett, Dan",Plots in space,London,Titan,2007.0,9781845763626 (cased);1845763629 (cased);9781845766429 (pbk.);1845766423 (pbk.)
"Adams, Neal",Kryptonite nevermore,London,Titan,2012,9781781163689 (pbk.);1781163685 (pbk.)
"Adams, Neal",Tales of the unexpected.,London,Titan,2012,9781781164068 (pbk.);1781164061 (pbk.)
"Adams, Neal",Green Lantern/Green Arrow,London,Titan,2012,9781781164013 (pbk.);1781164010 (pbk.)
"Adams, Neal",The witching hour.,London,Titan,2011.0,9780857681966 (pbk.);0857681966 (pbk.)
"Adams, Neal",Deadman.,London,Titan,2011.0,9780857684172 (pbk.);0857684175 (pbk.)
"Adams, Neal",Superman vs Muhammad Ali,London,Titan,2011.0,9780857680051 (hbk.);0857680056 (hbk.)
"Adams, Neal",DC universe.,London,Titan,2009,9781848561601 (hbk.);1848561601 (hbk.)
"Adams, Neal",Showcase presents :the house of mystery.,London,Titan,2009,9781848561434 (Titan pbk.);1848561431 (Titan pbk.);9781401221836 (DC Comics)
"Adams, Neal",DC universe,London,Titan,2008,9781845769918 (hbk.);1845769910 (hbk.)
"Adams, Neal",The curse of the golden skull and other stories,London,Titan,2005.0,1840239832 (pbk.)
"Adams, Neal",The house of secrets,London,Titan,2008,9781848560543 (pbk.);1848560540 (pbk.)
"Adams, Neal",Odyssey,London,Titan,2012,9781781164914 (hbk.);1781164916 (hbk.)
"Adlard, Charlie",The X-files.,London,Titan,2008,9781848561281 (pbk.);1848561288 (pbk.)
"Adlard, Charlie",Internal affairs,London,Titan,1997.0,1852868090 (pbk)
"Adlard, Charlie",Remote control,London,Titan,1997.0,1852868406 (pbk)
"Adlard, Charlie",Night lights,London,Titan,1997.0,1852868082 (pbk)
"Adlard, Charlie",Dead to the world,London,Titan,1996.0,1900097249 (pbk)
"Adlard, Charlie",The haunting,London,Titan,1996.0,1900097230 (pbk)
"Anderson, Brent Eric",New Krypton.,London,Titan,2011.0,9781848565692 (pbk.);1848565690 (pbk.)
"Anderson, Brent Eric",Chewbacca,London,Titan,2001,1840232749 (pbk)
"Anderson, Brent Eric",Shining stars,London,Titan,2012,9780857682697 (pbk.);0857682695 (pbk.)
"Anderson, Brent Eric",Brothers in arms,London,Titan,2011.0,9780857680488 (pbk.);085768048X (pbk.)
"Anderson, Brent Eric",Aspects of evil,London,Titan,2005.0,1845760557 (pbk.)
"Anderson, Brent Eric",Second generation,London,Titan,2004.0,9781840239355 (pbk.);1840239352 (pbk.)
"Anderson, Kevin J.",Redemption,London,Titan,2000,1840231378 (pbk)
"Anderson, Kevin J.",The Gorn crisis,London,Titan,2001,1840232951 (pbk)
"Anderson, Kevin J.",Strange adventures,London,Titan,2010,9781848565555 (pbk.);1848565550 (pbk.)
"Anderson, Kevin J.",The X-files.,London,Titan,2008.0,9781848561298 (pbk.);1848561296 (pbk.)
"Anderson, Kevin J.",Night lights,London,Titan,1997.0,1852868082 (pbk)
"Bachalo, Chris",Absolute death,London,Titan,2009,9781848561939 (hbk.);1848561938 (hbk.)
"Bagley, Mark",Dark things,London,Titan,2011,9780857682093 (pbk.);0857682091 (pbk.)
"Bagley, Mark",Long shadows,London,Titan,2010,9781848567825 (hbk.);1848567820 (hbk.)
"Bagley, Mark",Team history,London,Titan,2001,9781848569645 (pbk.);1848569645 (pbk.)
"Bair, Michael",Identity crisis,London,Titan,2005.0,1401206883 (cased);1845762185 (pbk.);1401204589 (pbk.)
"Barker, Martin",Action :the story of a violent comic,London,Titan,1999,1.852860235E9
"Barlow, Jeremy",Han Solo and the hollow moon of Khorya,London,Titan,2009,9781845769055 (pbk.);1845769058 (pbk.)
"Barlow, Jeremy",The colossus of destiny,London,Titan,2010,9781848565371 (pbk.);1848565372 (pbk.)
"Barlow, Jeremy",The deadly hands of Shon-Ju,London,Titan,2010,9781848568525 (pbk.);1848568525 (pbk.)
"Barlow, Jeremy",Princess Leia and the royal ransom,London,Titan,2009.0,9781845769550 (pbk.);1845769554 (pbk.)
"Beatty, Scott",Teenage wasteland.,London,Titan,2001,9780857680716 (pbk.);0857680714 (pbk.)
"Beatty, Scott",Number of the beast,London,Titan,2008,9781848560048 (pbk.);1848560044 (pbk.)
"Beatty, Scott",Year one,London,Titan,2003.0,1840237414 (pbk)
"Bedard, Tony",Road to the altar,London,Titan,2008,9781845767808 (pbk.);1845767802 (pbk.)
"Bedard, Tony",Club kids,London,Titan,2009,9781848561557 (Titan : pbk.);1848561555 (Titan : pbk.);9781401221751 (DC Comics)
"Bedard, Tony",Starstruck.,London,Titan,2012,9780857688644 (pbk.);0857688642 (pbk.)
"Bedard, Tony",Revolt of the Alpha Lanterns,London,Titan,2012,9780857684202 (pbk.);0857684205 (pbk.)
"Bedard, Tony",Strange fruit,London,Titan,2012,9780857684806 (pbk.);0857684809 (pbk.)
"Bedard, Tony",The ring bearer,London,Titan,2012,9781781165140 (hbk.);1781165149 (hbk.)
"Bedard, Tony",War of the Green Lanterns,London,Titan,2012,9780857688491 (pbk.);0857688499 (pbk.)
"Bedard, Tony",The coming of Starro,London,Titan,2001,9781848565616 (pbk.);1848565615 (pbk.)
"Bedard, Tony",Strange companions,London,Titan,2001,9780857680761 (pbk.);0857680765 (pbk.)
"Bedard, Tony",The son and the stars,London,Titan,2001,9781848569669 (pbk.);1848569661 (pbk.)
"Bedard, Tony",Metropolis or dust,London,Titan,2008,9781845769680 (pbk.);1845769686 (pbk.)
"Bedard, Tony",The Weaponer,London,Titan,2011.0,9780857688286 (pbk.);0857688286 (pbk.)
"Bellamy, Frank",Garth,London,Titan,1985.0,0907610498 (pbk)
"Bellamy, Frank",Trip to trouble,London,Titan,2001,9781848563667 (hbk.);1848563663 (hbk.)
"Bellamy, Frank",Garth,London,Titan,1984.0,090761034X (pbk)
"Benes, Ed",Endrun,London,Titan,2012,9780857684134 (pbk.);0857684132 (pbk.)
"Benes, Ed",When worlds collide.,London,Titan,2011.0,9781848564305 (pbk.);1848564309 (pbk.)
"Benes, Ed",Black lantern corps.,London,Titan,2011,9781848568105 (pbk.);184856810X (pbk.)
"Benes, Ed",Sanctuary.,London,Titan,2001,9781848560659 (pbk.);1848560656 (pbk.)
"Benes, Ed",Black lantern corps,London,Titan,2001,9781848568099 (hbk.);1848568096 (hbk.)
"Benes, Ed",Sanctuary,London,Titan,2009,9781848560512 (hbk.);1848560516 (hbk.)
"Benes, Ed",The lightning saga.,London,Titan,2009,9781845767907 (Titan : pbk.);184576790X (Titan : pbk.);9781401216528 (DC Comics : hbk.);9781401218690 (DC Comics : pbk.)
"Benes, Ed",The second coming,London,Titan,2009.0,9781848562530 (hbk.);1848562535 (hbk.)
"Benes, Ed",Worlds collide,London,Titan,2009.0,9781848564299 (hbk.);1848564295 (hbk.)
"Benes, Ed",The lightnin saga,London,Titan,2008,9781845767891 (hbk.);1845767896 (hbk.)
"Benes, Ed",The injustice league,London,Titan,2008,9781845768874 (hbk.);1845768876 (hbk.)
"Benes, Ed",The tornado's path,London,Titan,2008.0,9781845765569 (pbk.);1845765567 (pbk.)
"Benes, Ed",The tornado's,London,Titan,2007.0,9781845765552 (hbk.);1845765559 (hbk.)
"Benes, Ed",Knight terrprs,London,Titan,2012,9781781164006 (hbk.);1781164002 (hbk.)
"Bisley, Simon",The devil's trenchcoat,London,Titan,2012,9781781165102 (paperback);1781165106 (paperback)
"Bisley, Simon",The horned god.,London,Titan,2002,1840234776 (pbk)
"Bisley, Simon",The A.B.C. warriors :the black hole,London,Titan,2002,1840235292 (pbk)
"Bisley, Simon",Legacy.,London,Titan,2012,9781781163955 (pbk.);1781163952 (pbk.)
"Bolland, Brian",Judge Dredd in the complete apocalypse war,London,Titan,1995.0,1852864044 (pbk)
"Bolland, Brian",Brian Bolland cover to cover,London,Titan,2011,9780857684721 (hbk.);0857684728 (hbk.)
"Bolland, Brian",Camelot 3000,London,Titan,2009.0,9781845769710 (pbk.);1845769716 (pbk.)
"Bolland, Brian",Judge Dredd vs Judge Death,London,Titan,2001,1.840233869E9
"Bolland, Brian",Batman :black & white,London,Titan,2000,1852869879 (pbk.)
"Bolland, Brian",Judge Dredd in the Cursed Earth,London,Titan,1994.0,1852864060 (pbk)
"Bolland, Brian",The complete Judge Caligula,London,Titan,1991.0,1852863757 (pbk)
"Bolland, Brian",Batman :the killing joke,London,Titan,1988.0,1852860820 (pbk)
"Bolland, Brian","The cursed earth, part 1",London,Titan,1982.0,0907610013 (pbk)
"Bolland, Brian",The killing joke.,London,Titan,2008,9781845767723;1845767721
"Bolland, Brian","The cursed earth, part two",London,Titan,1982.0,0907610021 (pbk)
"Bolland, Brian","Judge Caligula, book one",London,Titan,1982.0,090761003X
"Bolland, Brian",Judge Dredd,London,Titan,1981.0,0907610005 (pbk)
"Bolland, Brian",The Judge Child quest,"Santa Monica, CA",Titan,2004.0,1840238798 (pbk)
"Bolton, John",The green woman,London,Titan,2001,9780857680341 (pbk.);085768034X (pbk.)
"Bolton, John",God save the queen,London,Titan,2007.0,9781845764166 (hbk.);1845764161 (hbk.)
"Bolton, John",The Furies,London,Titan,2003.0,1.840233303E9
"Bolton, John",The books of magic : transformations,London,Titan,1998.0,1852869410 (pbk)
"Bolton, John",The books of magic.,London,Titan,1997.0,185286804X (pbk)
"Bolton, John",Manbat,London,Titan,1997.0,185286818X
"Bolton, John",Marada the she-wolf,London,Titan,2013,9780857686329 (hbk.)
"Boothby, Ian",Meltdown,London,Titan,2011.0,9780857681560 (pbk.);0857681567 (pbk.)
"Boothby, Ian",Simpsons Comics hit the road!,London,Titan,2008.0,9781848562271 (pbk.);1848562276 (pbk.)
"Boothby, Ian",Scooby-Doo & the pesky pirate,London,Titan,2006,9781845763039 (pbk.);1845763033 (pbk.)
"Brosseau, Pat",Hellboy :the right hand of doom,London,Titan,2000,9781840235395 (pbk.);184023539X (pbk.)
"Brosseau, Pat",Another dollar,London,Titan,2009,9781848561540 (Titan : pbk.);1848561547 (Titan : pbk.);9781401221737 (DC Comics)
"Brosseau, Pat",The alcoholic,London,Titan,2009,9781848560994 (Titan Books : pbk.);1848560990 (Titan Books : pbk.);9781401210564 (DC Comics : cased);9781401210571 (DC Comics : pbk.)
"Campbell, Eddie",Going sane,London,Titan,2008.0,9781845768638 (pbk.);1845768639 (pbk.)
"Carey, Mike",The gift,London,Titan,2007.0,9781845766276 (Titan : pbk.);184576627X (Titan : pbk.);9781401214531 (DC Comics : pbk.);1401214533 (DC Comics : pbk.)
"Carey, Mike",Re-gifters,London,Titan,2007.0,9781845765798 (pbk.);1845765796 (pbk.)
"Carey, Mike",Confessions of a blabbermouth,London,Titan,2007.0,9781845765828 (pbk.);1845765826 (pbk.)
"Carey, Mike",Staring at the wall,London,Titan,2006.0,9781845762339 (Titan : pbk.);1845762339 (Titan : pbk.);9781401209292 (DC Comics : pbk.);1401209297 (DC Comics : pbk.)
"Carey, Mike","John Constantine, hellblazer.",London,Titan,2007.0,9781845764500 (Titan : pbk.);1845764501 (Titan : pbk.);9781401212513 (DC Comics : pbk.);1401212514 (DC Comics : pbk.)
"Carey, Mike",God save the queen,London,Titan,2007.0,9781845764166 (hbk.);1845764161 (hbk.)
"Carey, Mike",Evensong,London,Titan,2007.0,9781845764487 (pbk.);184576448X (pbk.)
"Carey, Mike",Morningstar,London,Titan,2006,9781845762933 (pbk.);1845762932 (pbk.);9781401210069 (U.S. : pbk.);1401210066 (U.S. : pbk.)
"Carey, Mike",Stations of the cross,London,Titan,2006.0,9781845763299 (pbk.);1845763297 (pbk.)
"Carey, Mike",All his engines,London,Titan,2005.0,1840239662 (hbk.)
"Carey, Mike",Black flowers,London,Titan,2005.0,1845761863 (pbk.)
"Carey, Mike",The Furies,London,Titan,2003.0,1.840233303E9
"Carey, Mike",Inferno,London,Titan,2003.0,1840237643 (pbk)
"Carey, Mike",The divine comedy,London,Titan,2003.0,1840236930 (pbk.)
"Carey, Mike",Lucifer.,London,Titan,2002,1840233915 (pbk)
"Carey, Mike",Lucifer,London,Titan,2001,1840232994 (pbk)
"Cassaday, John",All over the world and other stories,London,Titan,2001,184023301X (pbk)
"Cassaday, John",Planetary.,London,Titan,2009.0,9781845764968 (hbk.);184576496X (hbk.)
"Cassaday, John",Leaving the 20th century,London,Titan,2004.0,184023976X (hbk.)
"Cassaday, John",The fourth man,London,Titan,2002,1840233230 (pbk)
"Chaykin, Howard V.",Howard Chaykin's American Flagg!.,London,Titan,2008.0,9781845760786 (pbk.);1845760786 (pbk.)
"Chaykin, Howard V.",American Flagg,London,Titan,2008.0,9781845761028 (hbk.);1845761022 (hbk.)
"Chaykin, Howard V.",Thrillkiller,London,Titan,1998.0,1852869798 (pbk)
"Claremont, Chris",Star Trek :debt of honor,London,Titan,1992.0,1852864516 (pbk)
"Claremont, Chris",JLA :the tenth circle,London,Titan,2004.0,1840239131 (Titan);1401203469 (DC Comics)
"Claremont, Chris",The DC/Marvel crossover classics.,London,Titan,2012,9780857688255 (hbk.);0857688251 (hbk.)
"Claremont, Chris",Marada the she-wolf,London,Titan,2013,9780857686329 (hbk.)
"Aaron, Jason",The other side,London,Titan,2007.0,9781845765613 (Titan Books : pbk.);1845765613 (Titan Books : pbk.);9781401213503 (DC Comics : pbk.);1401213502 (DC Comics : pbk.)
"Abnett, Dan",A pier too far,London,Titan,2005.0,1840239530 (hbk.);1840239581 (pbk.)
"Adams, Art",Tom Strong's terrific tales.,London,Titan,2005.0,1845761049 (cased);1401206158 (cased)
"Anderson, Kevin J.",Star Wars :Jedi Academy : Leviathan,London,Titan,2000,1840231386 (pbk)
"Anderson, Kevin J.",Star wars :tales of the Jedi.,London,Titan,1998.0,1.840230002E9
"Beatty, Scott",Batman begins :the movie and other tales of the dark knight,London,Titan,2005.0,1845760670 (Titan Books);1401204406 (DC Comics)
"Benes, Ed",The journey,London,Titan,2006,1845762452 (Titan : pbk.);9781401209186 (DC Comics : pbk.);1401209181 (DC Comics : pbk.)
"Bolland, Brian",Classic Judge Dredd,London,Titan,1995.0,1852866195 (pbk)
"Bolland, Brian",Judge Dredd in the complete Judge Child quest,London,Titan,1995.0,1852866225 (pbk)
"Boothby, Ian",Get some fancy book learnin',London,Titan,2010,9781848565197 (pbk.);1848565194 (pbk.)
"Brosseau, Pat",The other side,London,Titan,2007.0,9781845765613 (Titan Books : pbk.);1845765613 (Titan Books : pbk.);9781401213503 (DC Comics : pbk.);1401213502 (DC Comics : pbk.)
"Claremont, Chris",Deadliest of the species,London,Titan,1996.0,1.852869534E9
"Carey, Mike","Red sepulchre :John Constantine, hellblazer",London,Titan,2005.0,1845760689 (Titan Books);1401204856 (DC Comics)
"Bolland, Brian",The day the law died,London,Titan,2004.0,1840237767 (pbk.)
"Bolland, Brian",Judge Dredd :the day the law died,London,Titan,2002,1.840234806E9
"Baikie, Jim",Skizz,London,Titan,1989.0,1840234504 (pbk.)
"Bisley, Simon",Slaine: the horned god,London,Titan,2003.0,1840234741 (pbk.)
"Bolland, Brian",Judge Dredd :featuring Judge Death,London,Titan,2001,1.840233869E9
"Boothby, Ian",The death of Comic Book Guy,London,Titan Magazines,2011.0,
"Adams, Art",Tom Strong's terrific tales :book 2,London,Titan,2006,9781845761134 (pbk.);1845761138 (pbk.)
"Chaykin, Howard V.",American Flagg.,London,Titan,2005.0,1845760778 (pbk.)
"Brosseau, Pat",Batman reborn,London,Titan,2010,9781848565388 (Titan : hbk.);1848565380 (Titan : hbk.);9781401225667 (DC Comics : hbk.)
"Adams, Neal",Batman.,London,Titan,1990.0,1852862696 (pbk)
"Bisley, Simon",ABC warriors.,London,Titan,1991.0,1852863889 (pbk)
"Bedard, Tony",The cure,London,Titan,2010,9781848565593 (pbk.);1848565593 (pbk.)
"Brosseau, Pat",Recharge,London,Titan,2006.0,9781845762896 (pbk.);1845762894 (pbk.)
"Brosseau, Pat",Guns and roses,London,Titan,2008,9781845769604 (pbk.);1845769600 (pbk.)
"Brosseau, Pat",The cure,London,Titan,2010,9781848565593 (pbk.);1848565593 (pbk.)
"Bachalo, Chris",The American scream,New York,Titan,2003.0,1840237163 (pbk.)
"Anderson, Brent Eric",The game of revenge,Godalming,Usharp Comics,2007.0,9781905496013 (cased);190549601X (cased)
"Austin, David","It's a mad, mad, mad, mad, mad, mad cow book",London,Vista,1997.0,0575602317 (pbk.)
"Bryant, Mark",World War II in cartoons,Swindon,WH Smith,1989.0,8.61245768E8
"Aaron, Jason",Friday the 13th.,"La Jolla, CA",WildStorm Productions,2008,9781848560000 (Titan : pbk.);1848560001 (Titan : pbk.);9781401220037 (Wildstorm)
"Cassaday, John",Planetary : leaving the 20th century,"La Jolla, CA",WildStorm Productions,2004.0,1840239387 (pbk.)
"Aaron, Jason",Godbomb,,,,9781846535512 (pbk.)
"Aaron, Jason",Amazing X-Men.,,,,9781846535918 (pbk.)
"Aaron, Jason",X-Men.,,,,9781846535727 (pbk.)
"Aaron, Jason",Once upon a time in Midgard,,,,9781846535758 (pbk.)
"Abnett, Dan",Insurrection,,,,9781907992490 (paperback);1907992499 (paperback)
"Abnett, Dan",Lone Wolves,,,,9781849701662 (paperback)
"Abnett, Dan",The Hypernaturals.,,,,9781608863198 (pbk.)
"Abnett, Dan",Hypernaturals.,,,,9781608863495 (pbk.)
"Adams, Neal",Children of the Atom,,,,9781846535222 (paperback)
"Adams, Neal",The mighty Thor.,,,,9781846531859 (pbk.)
"Adlard, Charlie",The great game,,,,9781781082607 (pbk.)
"Anderson, Brent Eric",The beast boy who cried wolf,,,,9781406279450 (hbk.)
"Anderson, Brent Eric",Demo,,,,9781406279467 (hbk.)
"Anderson, Brent Eric",Lame,,,,9781406279474 (hbk.)
"Anderson, Brent Eric",My crummy valentine,,,,9781406279481 (hbk.)
"Anderson, Brent Eric",Marmaduke.,,,,
"Andru, Ross",Green grows the goblin,,,,9781846531781 (pbk.)
"Appleby, Steven",Steven Appleby's guide to life :the collected Loomus cartoons.,,,,9780852653777;0852653778
"Bachalo, Chris",Uncanny X-Men.,,,,9781846535482 (paperback)
"Bachalo, Chris","The good, the bad, the inhuman",,,,9781846536090 (pbk.)
"Belardinelli, Massimo",Slaine :Time Killer.,,,,9781781081693 (pbk.)
"Bell, Anthea",Asterix the Gaul,,,,9781444013085 (ePub ebook)
"Bell, Anthea",Asterix and the golden sickle,,,,9781444013092 (ebook)
"Bendis, Brian Michael",Ultimate comics Spider-man.,,,,9781846535239 (paperback)
"Bendis, Brian Michael",Age of Ultron,,,,9781846535406 (pbk.)
"Bendis, Brian Michael",Cosmic avengers,,,,9781846535420 (pbk.)
"Bendis, Brian Michael",The New Avengers.,,,,9781908648037;1908648031
"Bendis, Brian Michael",Here to stay,,,,9781846535475 (pbk.)
"Bendis, Brian Michael",Uncanny X-Men.,,,,9781846535482 (paperback)
"Bendis, Brian Michael",When angels go to war,,,,9781846535703 (pbk.)
"Bendis, Brian Michael",X-Men.,,,,9781846535727 (pbk.)
"Bendis, Brian Michael",House of M,,,,9781846535826 (pbk.)
"Bendis, Brian Michael",All-different,,,,9781846535857 (pbk.)
"Bendis, Brian Michael","The good, the bad, the inhuman",,,,9781846536090 (pbk.)
"Bendis, Brian Michael",The trial of Jean Grey,,,,9781846536083 (pbk.)
"Bisley, Simon",The Batman/Judge Dredd collection,,,,9781781082256 (pbk.)
"Bisley, Simon",The mek files.,,,,9781781082584 (hbk.)
"Bolland, Brian",The day the law died,,,,9781781080092 (paperback);1781080097 (paperback)
"Bolland, Brian",The Judge Child,,,,9781781081099 (paperback)
"Bolton, John",The black dragon,,,,9780857686343 (hbk.)
"Boothby, Ian",Simpsons comics supernova.,,,,9781781166925 (paperback);1781166927 (paperback)
"Boothby, Ian",Simpsons Comics colossal compendium.,,,,9781781169193 (pbk.)
"Boultwood, Dan",It came!,,,,9781782760054 (hbk.)
"Bryant, Mark",WWI in cartoons,,,,9781909808096 (pbk.)
"Bryant, Mark",The best of Mac 2012 :cartoons from the Daily Mail,,,,9781907554612 (paperback);1907554610 (paperback)
"Bunnage, Mick",Modern Toss Christmas mood special,,,,9780956419170 (hbk.)
"Bunnage, Mick",Modern Toss presents desperate business,,,,9780956419125 (hardback);0956419127 (hardback)
"Bunnage, Mick",Modern toss.,,,,9780956419163 (pbk.)
"Carey, Mike",Suicide risk.,,,,9781608863327 (pbk.)
"Cassaday, John",Astonishing X-Men.,,,,9781906965907 (hardback)
"Chaykin, Howard V.",Accident man,,,,9781782760559 (hbk.)
"Christie, Agatha",Evil under the sun,,,,9.78000745134E12
"Claremont, Chris",The black dragon,,,,9780857686343 (hbk.)
"Claremont, Chris",The definitive Wolverine reloaded,,,,9781846535376 (pbk.)
